customer_id,first_name,last_name,email,gender,address
1,Selina,Mallebone,smallebone0@yellowbook.com,Agender,Suite 9
2,Lydon,Winney,lwinney1@whitehouse.gov,Male,Room 1747
3,Lisle,Sponder,lsponder2@intel.com,Male,13th Floor
4,Ring,Ridwood,rridwood3@issuu.com,Male,PO Box 83837
5,Erskine,Andrey,eandrey4@istockphoto.com,Male,Room 1520
6,Martguerita,Spight,mspight5@globo.com,Genderfluid,Apt 1981
7,Frederik,Curston,fcurston6@360.cn,Male,10th Floor
8,Reine,Breslane,rbreslane7@hibu.com,Female,4th Floor
9,Willy,Orrice,worrice8@posterous.com,Female,20th Floor
10,Curt,Jardine,cjardine9@nih.gov,Male,PO Box 94578
11,Briggs,O'Grada,bogradaa@nsw.gov.au,Male,PO Box 5042
12,Ollie,Skinner,oskinnerb@cnet.com,Female,Suite 40
13,Barrett,Scone,bsconec@weather.com,Male,4th Floor
14,Kevan,Roma,kromad@ca.gov,Male,PO Box 87330
15,Tedmund,Cosh,tcoshe@istockphoto.com,Male,Apt 1533
16,Dionysus,Fish,dfishf@reverbnation.com,Male,Room 82
17,Raquela,Capron,rcaprong@google.pl,Female,Room 829
18,Glyn,Barrar,gbarrarh@smugmug.com,Male,Suite 89
19,Ravi,Scarbarrow,rscarbarrowi@weebly.com,Male,15th Floor
20,Eveleen,McGaugey,emcgaugeyj@google.nl,Female,Suite 54
21,Vilhelmina,Danilchev,vdanilchevk@mac.com,Bigender,Room 1540
22,Jane,Wermerling,jwermerlingl@cdc.gov,Female,PO Box 52433
23,Bert,Thickins,bthickinsm@edublogs.org,Male,Apt 950
24,Allyn,Casiero,acasieron@tiny.cc,Male,Apt 621
25,Virgie,Durtnel,vdurtnelo@istockphoto.com,Non-binary,Room 1283
26,Elaine,Morch,emorchp@sciencedirect.com,Female,Apt 1204
27,Rab,Kidd,rkiddq@google.es,Male,Suite 99
28,Constancia,Ellerey,cellereyr@booking.com,Female,Apt 1071
29,Addie,Martygin,amartygins@fda.gov,Female,Room 566
30,Karney,Stollsteiner,kstollsteinert@facebook.com,Male,PO Box 48117
31,Brigid,Senecaux,bsenecauxu@cam.ac.uk,Female,PO Box 14928
32,Atlante,Coll,acollv@skype.com,Female,PO Box 92442
33,Riki,Duckerin,rduckerinw@hc360.com,Female,Suite 86
34,Vinson,Ginnane,vginnanex@dailymotion.com,Male,Apt 1317
35,Benn,Aneley,baneleyy@istockphoto.com,Male,Apt 103
36,Yankee,Silversmidt,ysilversmidtz@va.gov,Male,Room 52
37,Cornelia,Sawkins,csawkins10@ed.gov,Female,PO Box 40718
38,Wilhelmine,MacLucais,wmaclucais11@artisteer.com,Female,PO Box 99779
39,Jacquelynn,Izzard,jizzard12@redcross.org,Female,Room 163
40,Emera,Insworth,einsworth13@java.com,Female,Room 1374
41,Rafferty,Ovington,rovington14@about.me,Male,Suite 10
42,Daffi,Endean,dendean15@theatlantic.com,Female,Room 1865
43,Natala,Broek,nbroek16@narod.ru,Female,Apt 1960
44,Frankie,McLeoid,fmcleoid17@posterous.com,Male,PO Box 21874
45,Thorstein,Ridings,tridings18@japanpost.jp,Male,Room 295
46,Martainn,Ridges,mridges19@ycombinator.com,Male,6th Floor
47,Vale,McLaughlan,vmclaughlan1a@google.co.uk,Male,Room 1724
48,Cecilio,Cotes,ccotes1b@tmall.com,Male,Room 1965
49,Antons,Garlinge,agarlinge1c@java.com,Male,PO Box 93177
50,Hurleigh,Palmby,hpalmby1d@yale.edu,Male,Apt 1733
51,Happy,Tustin,htustin1e@e-recht24.de,Female,Suite 50
52,Melony,Washington,mwashington1f@columbia.edu,Female,Suite 68
53,Micah,Circuitt,mcircuitt1g@nhs.uk,Male,Suite 42
54,Silvanus,Gaveltone,sgaveltone1h@icio.us,Male,PO Box 22696
55,Wit,Kemme,wkemme1i@bbc.co.uk,Male,PO Box 15861
56,Brook,Gillions,bgillions1j@livejournal.com,Agender,6th Floor
57,Tito,Rooper,trooper1k@theguardian.com,Male,2nd Floor
58,Rochette,Jiggen,rjiggen1l@slideshare.net,Female,PO Box 46613
59,Dev,Roch,droch1m@phpbb.com,Male,6th Floor
60,Killian,Philippeaux,kphilippeaux1n@economist.com,Genderqueer,Room 864
61,Mersey,Oldford,moldford1o@yandex.ru,Female,Room 1146
62,Shayne,Cotelard,scotelard1p@people.com.cn,Male,Apt 239
63,Rodney,Ginglell,rginglell1q@loc.gov,Male,PO Box 68636
64,Carole,Algar,calgar1r@surveymonkey.com,Female,PO Box 95631
65,Frederico,Chilcotte,fchilcotte1s@blogtalkradio.com,Male,Room 1247
66,Federico,Hughland,fhughland1t@dagondesign.com,Genderfluid,1st Floor
67,Charley,Kendred,ckendred1u@sina.com.cn,Male,Room 1177
68,Seamus,Germain,sgermain1v@twitpic.com,Male,16th Floor
69,Wallie,Allender,wallender1w@ftc.gov,Male,Suite 89
70,Irena,McGeachie,imcgeachie1x@google.co.uk,Female,15th Floor
71,Ivette,Josephov,ijosephov1y@bizjournals.com,Female,Apt 1264
72,Erminie,Hook,ehook1z@fda.gov,Female,Suite 67
73,Pren,Noone,pnoone20@unicef.org,Male,5th Floor
74,Kristopher,Gerhts,kgerhts21@answers.com,Male,Apt 58
75,Morgan,Keal,mkeal22@hud.gov,Male,2nd Floor
76,Ludovico,Conelly,lconelly23@mozilla.org,Male,PO Box 27757
77,Arne,Leversuch,aleversuch24@youku.com,Male,Room 1903
78,Demeter,Fratson,dfratson25@tumblr.com,Female,Apt 1909
79,Angelique,Edlin,aedlin26@wisc.edu,Female,Apt 662
80,Chip,Rodgman,crodgman27@paginegialle.it,Male,Apt 1518
81,Mable,Marzello,mmarzello28@xinhuanet.com,Female,Suite 30
82,Duncan,Towson,dtowson29@intel.com,Male,1st Floor
83,Dimitri,Reagan,dreagan2a@va.gov,Genderqueer,Apt 1597
84,Chad,Venney,cvenney2b@drupal.org,Male,Suite 58
85,Harper,Deevey,hdeevey2c@blogger.com,Male,Apt 22
86,Hadria,Piche,hpiche2d@ft.com,Female,2nd Floor
87,Bethany,Mitskevich,bmitskevich2e@squidoo.com,Female,Suite 82
88,Brandon,Merali,bmerali2f@reuters.com,Male,Suite 53
89,Frazer,Doggart,fdoggart2g@friendfeed.com,Male,PO Box 22705
90,Antonietta,Kamenar,akamenar2h@barnesandnoble.com,Bigender,Apt 1248
91,Brantley,Douris,bdouris2i@yellowpages.com,Male,Room 738
92,Ibby,Minget,iminget2j@bing.com,Female,Suite 46
93,Hali,Lacey,hlacey2k@weebly.com,Female,Room 943
94,Foster,Dorran,fdorran2l@unc.edu,Male,PO Box 96447
95,Rodie,Skala,rskala2m@latimes.com,Female,Room 102
96,Pamela,Keher,pkeher2n@clickbank.net,Female,Suite 8
97,Carolin,De Mico,cdemico2o@gmpg.org,Female,PO Box 90571
98,Eugenie,Perllman,eperllman2p@alibaba.com,Female,PO Box 53802
99,Gusta,Brittoner,gbrittoner2q@narod.ru,Genderqueer,Apt 1025
100,Aurthur,Ions,aions2r@jugem.jp,Male,PO Box 80639
101,Milissent,Schruyers,mschruyers2s@yahoo.co.jp,Female,Room 1134
102,Wilmette,Ennor,wennor2t@reuters.com,Female,PO Box 79375
103,Angel,Tiesman,atiesman2u@cam.ac.uk,Male,PO Box 2959
104,Van,Colkett,vcolkett2v@comcast.net,Female,Room 1242
105,Tine,Roly,troly2w@edublogs.org,Female,11th Floor
106,Camila,Rupert,crupert2x@ucoz.com,Female,Apt 523
107,Farrah,Cullip,fcullip2y@behance.net,Female,PO Box 18531
108,Olivie,Balwin,obalwin2z@ucoz.com,Female,Room 282
109,Maxy,Kittoe,mkittoe30@sourceforge.net,Male,Apt 837
110,Cassie,Arrow,carrow31@google.es,Female,Suite 91
111,Dolores,Klossek,dklossek32@edublogs.org,Genderqueer,PO Box 61222
112,Alvis,Immings,aimmings33@census.gov,Male,Apt 1900
113,Xylina,Coit,xcoit34@freewebs.com,Female,14th Floor
114,Daron,Dykins,ddykins35@technorati.com,Male,Apt 103
115,Ferne,Andryushchenko,fandryushchenko36@businessweek.com,Female,20th Floor
116,Norry,Bosworth,nbosworth37@51.la,Male,Apt 797
117,Honor,Ruske,hruske38@icio.us,Female,Suite 5
118,Jule,Dauncey,jdauncey39@cisco.com,Male,Room 172
119,Nikolia,Powdrill,npowdrill3a@google.co.uk,Female,Room 1783
120,Ariadne,Joron,ajoron3b@prlog.org,Female,Apt 1548
121,Cece,de Villier,cdevillier3c@redcross.org,Male,Apt 924
122,Padgett,Croci,pcroci3d@oakley.com,Male,PO Box 20034
123,Robb,Crossman,rcrossman3e@cisco.com,Male,PO Box 52166
124,Meir,Mcimmie,mmcimmie3f@cpanel.net,Male,Suite 71
125,Gustave,Braidman,gbraidman3g@webeden.co.uk,Male,Room 1350
126,Tricia,Pryce,tpryce3h@archive.org,Female,Apt 1175
127,Marion,Spinella,mspinella3i@amazonaws.com,Female,Room 934
128,Standford,Beevors,sbeevors3j@live.com,Male,PO Box 63450
129,Maxi,Jowett,mjowett3k@yahoo.com,Female,Suite 100
130,Catina,Beacham,cbeacham3l@tripadvisor.com,Female,18th Floor
131,Free,Nelthorpe,fnelthorpe3m@loc.gov,Male,PO Box 54337
132,Carie,Gypson,cgypson3n@symantec.com,Female,Apt 25
133,Hendrika,Benard,hbenard3o@weather.com,Genderqueer,12th Floor
134,Gertrudis,Puddle,gpuddle3p@w3.org,Female,4th Floor
135,Lothario,Alberti,lalberti3q@ft.com,Male,1st Floor
136,Gordan,Embery,gembery3r@aol.com,Male,Suite 21
137,Kora,Gallaher,kgallaher3s@dyndns.org,Female,PO Box 47618
138,Collete,Piscotti,cpiscotti3t@imgur.com,Female,PO Box 26199
139,Ester,Ference,eference3u@xrea.com,Female,Apt 1997
140,Vi,Schachter,vschachter3v@blogspot.com,Female,PO Box 86542
141,Lorrie,Alonso,lalonso3w@bloglines.com,Female,Suite 35
142,Lorens,Abramowitch,labramowitch3x@1688.com,Male,Room 708
143,Marybeth,Danat,mdanat3y@moonfruit.com,Female,Apt 1097
144,Alli,Fairfoot,afairfoot3z@pbs.org,Female,Room 54
145,Jojo,Clarey,jclarey40@china.com.cn,Female,3rd Floor
146,Port,de Clercq,pdeclercq41@digg.com,Male,Room 492
147,Delcine,Way,dway42@senate.gov,Female,PO Box 13453
148,Alexandros,Crowder,acrowder43@nydailynews.com,Male,Suite 27
149,Wait,Powell,wpowell44@stumbleupon.com,Male,9th Floor
150,Osbourne,Kerley,okerley45@multiply.com,Male,Suite 44
151,Sheilakathryn,D'Ugo,sdugo46@barnesandnoble.com,Female,PO Box 60417
152,Laurens,Rue,lrue47@studiopress.com,Male,Room 1694
153,Marget,Jenkerson,mjenkerson48@canalblog.com,Female,PO Box 86031
154,Teresina,Rowlands,trowlands49@thetimes.co.uk,Female,5th Floor
155,Brandice,Robben,brobben4a@economist.com,Female,Apt 1998
156,Phaidra,Barrabeale,pbarrabeale4b@desdev.cn,Female,Room 1867
157,Vikki,Rubury,vrubury4c@imdb.com,Female,Apt 962
158,Renard,Jouannin,rjouannin4d@un.org,Male,Apt 1401
159,Dacie,Barradell,dbarradell4e@elegantthemes.com,Genderqueer,PO Box 95446
160,Berky,Currm,bcurrm4f@wufoo.com,Male,Apt 28
161,Bernadette,McJury,bmcjury4g@scientificamerican.com,Female,PO Box 57432
162,Eric,Roy,eroy4h@columbia.edu,Male,Suite 35
163,Kitti,Saffill,ksaffill4i@archive.org,Female,Apt 583
164,Rolland,Faulconer,rfaulconer4j@qq.com,Polygender,13th Floor
165,Merl,Mcwhinney,mmcwhinney4k@bluehost.com,Female,17th Floor
166,Garner,Symonds,gsymonds4l@arizona.edu,Male,Apt 1534
167,Ellsworth,Pitcaithly,epitcaithly4m@nps.gov,Male,16th Floor
168,Dominick,Smallpeace,dsmallpeace4n@ox.ac.uk,Male,Apt 156
169,Brandyn,Nevill,bnevill4o@google.com,Male,PO Box 12447
170,Alys,Scattergood,ascattergood4p@biglobe.ne.jp,Female,3rd Floor
171,Simone,Prydden,sprydden4q@nasa.gov,Female,Apt 1668
172,Truda,Masserel,tmasserel4r@nifty.com,Female,Suite 94
173,Reade,Goseling,rgoseling4s@smugmug.com,Male,PO Box 66938
174,Russ,Olligan,rolligan4t@boston.com,Male,Apt 530
175,Elysia,Piddlesden,epiddlesden4u@elegantthemes.com,Female,Suite 97
176,Arni,Sabin,asabin4v@sitemeter.com,Male,13th Floor
177,Gawain,Whibley,gwhibley4w@webs.com,Male,Room 1120
178,Maddie,Muldownie,mmuldownie4x@github.io,Male,Suite 8
179,Carolus,Giotto,cgiotto4y@indiatimes.com,Male,Suite 60
180,Boony,Fone,bfone4z@unicef.org,Male,Suite 89
181,Marje,Marton,mmarton50@soup.io,Genderfluid,Room 515
182,Alic,Robertsen,arobertsen51@aboutads.info,Male,PO Box 70747
183,Rudy,German,rgerman52@dropbox.com,Male,11th Floor
184,Reid,Frise,rfrise53@cpanel.net,Male,Suite 94
185,Arliene,Daykin,adaykin54@shinystat.com,Genderfluid,Suite 71
186,Care,Noble,cnoble55@shinystat.com,Male,19th Floor
187,Gunner,Pawsey,gpawsey56@cnet.com,Male,Room 1534
188,Liuka,McGragh,lmcgragh57@bravesites.com,Bigender,Room 847
189,Aluin,Woffinden,awoffinden58@unicef.org,Male,Apt 747
190,Jon,Schnieder,jschnieder59@microsoft.com,Male,20th Floor
191,Moishe,Alphonso,malphonso5a@angelfire.com,Male,8th Floor
192,Ambros,Jarman,ajarman5b@seattletimes.com,Male,Suite 72
193,Courtnay,Deegan,cdeegan5c@bloglines.com,Female,PO Box 41646
194,Shaughn,Archbutt,sarchbutt5d@amazon.com,Male,8th Floor
195,Valma,Datte,vdatte5e@vimeo.com,Female,Suite 22
196,Malcolm,Paddison,mpaddison5f@naver.com,Male,Apt 1975
197,Sig,Guillond,sguillond5g@mlb.com,Male,Suite 31
198,Niall,de Voiels,ndevoiels5h@buzzfeed.com,Male,Apt 398
199,Ward,Kobiela,wkobiela5i@surveymonkey.com,Male,PO Box 67576
200,Marlo,Semaine,msemaine5j@ifeng.com,Male,Room 548
201,Catharine,Coulton,ccoulton5k@instagram.com,Female,Room 401
202,Hayden,Trowill,htrowill5l@unc.edu,Male,18th Floor
203,Bridget,Joskovitch,bjoskovitch5m@de.vu,Female,Suite 38
204,Eugenie,Morphet,emorphet5n@imageshack.us,Female,Apt 84
205,Franciska,Fashion,ffashion5o@sohu.com,Female,PO Box 27451
206,Correy,Sigmund,csigmund5p@godaddy.com,Male,Apt 1133
207,Izak,Noon,inoon5q@multiply.com,Male,Room 1537
208,Donnamarie,Lande,dlande5r@shutterfly.com,Female,Room 170
209,Albert,McAlroy,amcalroy5s@newsvine.com,Male,PO Box 17221
210,Morgan,Kunc,mkunc5t@livejournal.com,Male,Apt 1330
211,Ezequiel,Bedson,ebedson5u@wufoo.com,Male,Suite 34
212,Durward,Yackiminie,dyackiminie5v@github.com,Male,11th Floor
213,Bryon,Erasmus,berasmus5w@goo.gl,Male,Suite 51
214,Fidelia,Mintrim,fmintrim5x@jugem.jp,Bigender,Suite 74
215,Tobin,Frearson,tfrearson5y@vistaprint.com,Male,Room 1538
216,Elli,Danahar,edanahar5z@va.gov,Female,PO Box 20105
217,Cad,Haveline,chaveline60@symantec.com,Male,Suite 51
218,Catherin,Mimmack,cmimmack61@nymag.com,Female,Apt 87
219,Hoebart,Bartram,hbartram62@gmpg.org,Male,Apt 473
220,Elisa,Ivell,eivell63@google.it,Female,PO Box 26967
221,Beale,Ryan,bryan64@amazon.co.uk,Male,Apt 69
222,Marvin,Lantaff,mlantaff65@usda.gov,Male,9th Floor
223,Jsandye,Crollman,jcrollman66@washington.edu,Female,PO Box 89805
224,Zerk,Brennand,zbrennand67@pbs.org,Male,Room 191
225,Jessamyn,Kenna,jkenna68@ca.gov,Female,Room 147
226,Burg,Stonier,bstonier69@feedburner.com,Genderfluid,Apt 1251
227,Bunny,Shuker,bshuker6a@t.co,Female,4th Floor
228,Abe,Domokos,adomokos6b@mtv.com,Male,Room 1381
229,Terencio,Haldene,thaldene6c@spotify.com,Male,Room 689
230,Hartwell,Perassi,hperassi6d@bigcartel.com,Male,17th Floor
231,Price,Domican,pdomican6e@chicagotribune.com,Male,Room 843
232,Hattie,Milburne,hmilburne6f@quantcast.com,Female,Apt 849
233,Eduard,Itscovitz,eitscovitz6g@businesswire.com,Male,PO Box 18719
234,Orelia,Shimony,oshimony6h@hostgator.com,Female,Room 1280
235,Hi,Lindmark,hlindmark6i@geocities.com,Male,13th Floor
236,Chalmers,Bear,cbear6j@desdev.cn,Male,Suite 78
237,Hymie,Emeny,hemeny6k@merriam-webster.com,Male,Suite 27
238,Osbourn,Casellas,ocasellas6l@blog.com,Male,Suite 42
239,Daisie,Rivitt,drivitt6m@sitemeter.com,Female,PO Box 93406
240,Bradney,Ord,bord6n@phoca.cz,Male,Room 546
241,Archibold,Shemelt,ashemelt6o@ask.com,Male,Apt 1855
242,Katherine,Obell,kobell6p@imageshack.us,Female,15th Floor
243,Britteny,Drake,bdrake6q@bigcartel.com,Agender,14th Floor
244,Terese,Lamport,tlamport6r@ovh.net,Female,Apt 241
245,Tabbi,Arnaez,tarnaez6s@yelp.com,Female,14th Floor
246,Betsy,Bourhill,bbourhill6t@wikipedia.org,Female,13th Floor
247,Clemens,Norvell,cnorvell6u@xing.com,Male,PO Box 2810
248,Nona,Belfield,nbelfield6v@illinois.edu,Female,14th Floor
249,Tomkin,Ensor,tensor6w@histats.com,Male,Apt 590
250,Lindsay,Dooley,ldooley6x@bbc.co.uk,Female,17th Floor
251,Gabriele,Stormes,gstormes6y@slashdot.org,Male,Room 599
252,Tobiah,Lancashire,tlancashire6z@blogspot.com,Male,Suite 93
253,Jessalyn,Sandwith,jsandwith70@marketwatch.com,Female,PO Box 30992
254,Will,Whorton,wwhorton71@ucoz.ru,Male,Suite 50
255,Terry,Shoveller,tshoveller72@chicagotribune.com,Female,Room 1739
256,Mireille,Soppitt,msoppitt73@senate.gov,Female,PO Box 60074
257,Tremain,Wordsworth,twordsworth74@phpbb.com,Male,Room 201
258,Maynard,Stubbings,mstubbings75@blogs.com,Male,17th Floor
259,Urbano,Roadnight,uroadnight76@examiner.com,Male,Room 55
260,Meade,Finnimore,mfinnimore77@msu.edu,Female,14th Floor
261,Eachelle,Mattityahou,emattityahou78@umich.edu,Female,PO Box 85471
262,Zachary,Howbrook,zhowbrook79@google.com.br,Male,PO Box 13797
263,Fergus,Stoffel,fstoffel7a@webnode.com,Male,PO Box 63791
264,Suzanne,Button,sbutton7b@ask.com,Female,Room 402
265,Brunhilde,Apps,bapps7c@google.fr,Female,16th Floor
266,Retha,Lowson,rlowson7d@nba.com,Female,16th Floor
267,Wells,Crop,wcrop7e@wikispaces.com,Male,Room 361
268,Dareen,Badman,dbadman7f@ibm.com,Female,Room 1867
269,Constantine,Dell 'Orto,cdellorto7g@dion.ne.jp,Male,Room 1060
270,Thalia,Derye-Barrett,tderyebarrett7h@cnet.com,Female,6th Floor
271,Waylon,Sulland,wsulland7i@ucsd.edu,Male,Room 1640
272,Ida,Rocca,irocca7j@amazon.com,Female,PO Box 79889
273,Sayers,Elldred,selldred7k@msn.com,Male,PO Box 90578
274,Linea,Penas,lpenas7l@webs.com,Female,PO Box 3861
275,Jeri,Grisbrook,jgrisbrook7m@360.cn,Female,Room 1907
276,Cariotta,Heijne,cheijne7n@alibaba.com,Female,PO Box 87803
277,Byrom,Jacquet,bjacquet7o@meetup.com,Male,16th Floor
278,Aeriel,Shieber,ashieber7p@auda.org.au,Female,Apt 1265
279,Corine,Santorini,csantorini7q@wix.com,Female,Room 1126
280,Bethena,Patullo,bpatullo7r@dedecms.com,Female,Suite 46
281,York,Sjollema,ysjollema7s@so-net.ne.jp,Male,9th Floor
282,Clea,McCafferky,cmccafferky7t@typepad.com,Female,PO Box 7658
283,Ilene,Lincoln,ilincoln7u@sciencedaily.com,Female,Apt 1950
284,Remy,Yesenin,ryesenin7v@nsw.gov.au,Female,Room 283
285,Brennen,Dungay,bdungay7w@jiathis.com,Male,PO Box 25155
286,Rudolph,Graeber,rgraeber7x@stumbleupon.com,Male,Suite 56
287,Trixi,Shyres,tshyres7y@theglobeandmail.com,Female,Room 913
288,Krishnah,Raftery,kraftery7z@last.fm,Male,Suite 81
289,Sharona,Manvell,smanvell80@163.com,Female,Apt 1545
290,Lorens,Tredget,ltredget81@yellowbook.com,Male,Room 1562
291,Clarance,Badgers,cbadgers82@tumblr.com,Male,Suite 32
292,Wylie,Ashness,washness83@uol.com.br,Male,2nd Floor
293,Georgianne,Gobel,ggobel84@globo.com,Female,Suite 99
294,Mychal,Sharville,msharville85@google.co.jp,Male,PO Box 75913
295,D'arcy,Seres,dseres86@ft.com,Male,Suite 70
296,Giordano,Oades,goades87@pinterest.com,Male,Apt 760
297,Egbert,Buckthought,ebuckthought88@de.vu,Male,PO Box 72997
298,Pieter,Geeve,pgeeve89@prlog.org,Male,14th Floor
299,Loralie,Eilhart,leilhart8a@yellowpages.com,Agender,Apt 1158
300,Siward,Benbow,sbenbow8b@woothemes.com,Male,7th Floor
301,Roobbie,Conman,rconman8c@marketwatch.com,Female,11th Floor
302,Dannye,Goldes,dgoldes8d@privacy.gov.au,Female,Apt 1608
303,Englebert,Raise,eraise8e@plala.or.jp,Male,PO Box 87938
304,Livia,Rosenbarg,lrosenbarg8f@opensource.org,Female,Suite 53
305,Antonie,Notman,anotman8g@last.fm,Female,Apt 1500
306,Madelin,Fundell,mfundell8h@oracle.com,Female,Room 155
307,Elaine,McGriffin,emcgriffin8i@ucla.edu,Female,PO Box 81573
308,Tessi,Tryme,ttryme8j@e-recht24.de,Female,Room 925
309,Winonah,Piller,wpiller8k@apache.org,Female,Room 314
310,Alyson,Punton,apunton8l@paginegialle.it,Female,PO Box 14537
311,Jerrie,Maunder,jmaunder8m@whitehouse.gov,Male,19th Floor
312,Chad,Tower,ctower8n@deviantart.com,Female,Room 1318
313,Melinda,Doud,mdoud8o@quantcast.com,Female,Suite 50
314,Jeffrey,Butchard,jbutchard8p@last.fm,Male,Room 1205
315,Cammy,Richly,crichly8q@intel.com,Male,PO Box 86071
316,Biddy,Tripcony,btripcony8r@yahoo.com,Genderfluid,Room 658
317,Susie,Rymmer,srymmer8s@redcross.org,Female,Suite 2
318,Earlie,Dhenin,edhenin8t@mozilla.com,Male,PO Box 22582
319,Bond,Matthisson,bmatthisson8u@upenn.edu,Male,PO Box 20910
320,Goddart,Dibbert,gdibbert8v@irs.gov,Male,PO Box 80217
321,Reese,Alexandrescu,ralexandrescu8w@skype.com,Male,PO Box 98725
322,Barth,Ledingham,bledingham8x@ox.ac.uk,Male,Apt 1758
323,Mitch,Winspar,mwinspar8y@vk.com,Male,Room 772
324,Tudor,Makey,tmakey8z@thetimes.co.uk,Male,Suite 9
325,Mozes,Cundey,mcundey90@friendfeed.com,Male,PO Box 8768
326,Nanny,Amies,namies91@wikimedia.org,Female,PO Box 60443
327,Gard,Phizakarley,gphizakarley92@indiatimes.com,Polygender,Suite 73
328,Wake,Albrighton,walbrighton93@e-recht24.de,Male,Apt 488
329,Mariya,Bondy,mbondy94@ucsd.edu,Female,Room 1072
330,Donaugh,Traylen,dtraylen95@domainmarket.com,Male,PO Box 35863
331,Alvis,Davydoch,adavydoch96@wikimedia.org,Male,Suite 61
332,Stefan,Crotty,scrotty97@prweb.com,Male,Suite 94
333,Hugibert,Glanister,hglanister98@google.com,Male,Room 1163
334,Allyn,Bolletti,abolletti99@dion.ne.jp,Male,19th Floor
335,Crichton,O'Concannon,coconcannon9a@exblog.jp,Genderqueer,Room 572
336,Anabella,Legier,alegier9b@mediafire.com,Agender,11th Floor
337,Nathaniel,D'Enrico,ndenrico9c@nifty.com,Male,Room 1571
338,Linnie,Chalmers,lchalmers9d@bandcamp.com,Female,PO Box 39657
339,Antone,Ruthen,aruthen9e@issuu.com,Male,PO Box 28160
340,Farlee,Schultheiss,fschultheiss9f@blogtalkradio.com,Male,PO Box 5835
341,Zedekiah,Batkin,zbatkin9g@blogger.com,Male,Apt 411
342,Miriam,Kovelmann,mkovelmann9h@jalbum.net,Female,Suite 99
343,Shara,Dundon,sdundon9i@github.com,Female,PO Box 4973
344,Herbert,Sillis,hsillis9j@indiegogo.com,Male,PO Box 67888
345,Micki,Bathersby,mbathersby9k@acquirethisname.com,Female,PO Box 63383
346,Jose,Lockie,jlockie9l@surveymonkey.com,Male,8th Floor
347,Lucius,Barthram,lbarthram9m@blogger.com,Male,Room 1107
348,Stirling,Chattaway,schattaway9n@sogou.com,Male,PO Box 25871
349,Kalli,Organ,korgan9o@nba.com,Female,Apt 281
350,Roderich,Blench,rblench9p@tuttocitta.it,Male,14th Floor
351,Jo-anne,Blowick,jblowick9q@barnesandnoble.com,Female,PO Box 49810
352,Greggory,Leonida,gleonida9r@a8.net,Male,Apt 1653
353,Free,Hegerty,fhegerty9s@ebay.com,Male,Room 1914
354,Gigi,Dincey,gdincey9t@ebay.co.uk,Female,PO Box 9017
355,Karena,Napier,knapier9u@berkeley.edu,Female,Room 790
356,Culver,Goggey,cgoggey9v@uol.com.br,Agender,Apt 1873
357,Jarrid,Priestman,jpriestman9w@technorati.com,Genderqueer,18th Floor
358,Tedd,Guntrip,tguntrip9x@instagram.com,Male,14th Floor
359,Yulma,Seldon,yseldon9y@sitemeter.com,Male,Suite 76
360,Ransell,Martugin,rmartugin9z@bluehost.com,Male,3rd Floor
361,Nicolis,Antoniottii,nantoniottiia0@ox.ac.uk,Male,16th Floor
362,Deloris,Pardoe,dpardoea1@vinaora.com,Female,Apt 227
363,Westbrooke,Hazleton,whazletona2@nationalgeographic.com,Male,Apt 1060
364,Raleigh,Matzen,rmatzena3@nasa.gov,Male,PO Box 44234
365,Percy,Lombardo,plombardoa4@technorati.com,Male,Room 790
366,Giana,Neller,gnellera5@weibo.com,Bigender,Room 1898
367,James,Skydall,jskydalla6@51.la,Male,Suite 33
368,Gifford,Bannester,gbannestera7@va.gov,Male,Suite 19
369,Myra,Callington,mcallingtona8@sitemeter.com,Female,Apt 1316
370,Robbie,Castiblanco,rcastiblancoa9@amazon.co.uk,Male,Suite 18
371,Darcy,McGrayle,dmcgrayleaa@godaddy.com,Female,PO Box 97087
372,Alberik,Sutherby,asutherbyab@weather.com,Male,Room 1865
373,Winnie,Acarson,wacarsonac@zimbio.com,Non-binary,Apt 422
374,Ardenia,Bakeup,abakeupad@pcworld.com,Female,11th Floor
375,Jocko,Arthurs,jarthursae@nyu.edu,Male,Suite 82
376,Ivonne,Scotchmur,iscotchmuraf@livejournal.com,Non-binary,Suite 93
377,Liliane,Strelitzki,lstrelitzkiag@wiley.com,Bigender,Room 9
378,Antonin,Heinonen,aheinonenah@ifeng.com,Male,PO Box 98625
379,Duncan,Dennes,ddennesai@comcast.net,Male,Apt 774
380,Prentiss,Forman,pformanaj@edublogs.org,Male,19th Floor
381,Freemon,Gilstoun,fgilstounak@hhs.gov,Male,PO Box 47646
382,Daloris,Beldham,dbeldhamal@istockphoto.com,Female,Apt 786
383,Graig,Florence,gflorenceam@com.com,Male,Apt 1428
384,Brandy,Eskrigg,beskriggan@nasa.gov,Male,Suite 71
385,Kienan,Beloe,kbeloeao@indiatimes.com,Male,Room 1334
386,Loydie,Raithby,lraithbyap@dion.ne.jp,Male,Apt 1574
387,Malinde,Murfill,mmurfillaq@webnode.com,Female,Room 69
388,Stephen,Blaw,sblawar@digg.com,Genderfluid,Suite 57
389,Bronson,Marcham,bmarchamas@psu.edu,Male,Suite 8
390,Jodi,Dinsell,jdinsellat@nytimes.com,Male,Room 1607
391,Vin,Ramsby,vramsbyau@usda.gov,Agender,Suite 85
392,Doy,Fancy,dfancyav@theglobeandmail.com,Male,Suite 100
393,Johnathan,Randales,jrandalesaw@abc.net.au,Male,Suite 2
394,Deonne,Ingraham,dingrahamax@alibaba.com,Female,Room 1740
395,Bryna,Polak,bpolakay@cornell.edu,Female,Apt 14
396,Tonnie,Oddboy,toddboyaz@istockphoto.com,Male,Apt 1707
397,Jayne,Ghelarducci,jghelarduccib0@purevolume.com,Female,Room 1259
398,D'arcy,Attwell,dattwellb1@csmonitor.com,Male,Room 1807
399,Aubert,Dickie,adickieb2@springer.com,Male,Suite 74
400,Tersina,Gooderham,tgooderhamb3@123-reg.co.uk,Genderqueer,Suite 92
401,Templeton,Thon,tthonb4@technorati.com,Male,Room 920
402,Gray,Boays,gboaysb5@berkeley.edu,Male,20th Floor
403,Tom,Matuskiewicz,tmatuskiewiczb6@ox.ac.uk,Male,Suite 3
404,Adrianna,Bottrell,abottrellb7@berkeley.edu,Female,Apt 1251
405,Merv,Rycroft,mrycroftb8@illinois.edu,Male,Room 1628
406,Hans,Vodden,hvoddenb9@discuz.net,Male,17th Floor
407,Mair,Flowerden,mflowerdenba@nih.gov,Female,Suite 16
408,Lorita,Bufton,lbuftonbb@marriott.com,Female,18th Floor
409,Sheba,Seden,ssedenbc@flavors.me,Female,Apt 749
410,Farlee,Louth,flouthbd@uol.com.br,Male,19th Floor
411,Baudoin,Berceros,bbercerosbe@marketwatch.com,Male,PO Box 89596
412,Bastien,Trengrove,btrengrovebf@technorati.com,Non-binary,15th Floor
413,Viva,Gleadhell,vgleadhellbg@prweb.com,Female,Apt 1373
414,Shelley,Juppe,sjuppebh@wikispaces.com,Male,PO Box 67828
415,Ida,Wedge,iwedgebi@seesaa.net,Female,PO Box 96001
416,Mendie,Steers,msteersbj@gmpg.org,Genderqueer,PO Box 37918
417,Evyn,Winkless,ewinklessbk@about.com,Male,Apt 1163
418,Franciska,Precious,fpreciousbl@cpanel.net,Female,Room 3
419,Jeanne,Sillars,jsillarsbm@networksolutions.com,Polygender,Apt 1706
420,Tate,Mattes,tmattesbn@gnu.org,Female,20th Floor
421,Bernie,Cicconetti,bcicconettibo@cafepress.com,Male,12th Floor
422,Clea,Collihole,ccolliholebp@google.co.uk,Female,Room 103
423,Fonz,Engley,fengleybq@google.nl,Male,Room 22
424,Hildegaard,Pinnock,hpinnockbr@bbc.co.uk,Female,Room 1309
425,Sabina,Murdy,smurdybs@dedecms.com,Female,PO Box 78462
426,Clayborne,Gilhouley,cgilhouleybt@hugedomains.com,Male,Apt 365
427,Duane,Mostin,dmostinbu@time.com,Male,Room 1267
428,Tristam,Bugge,tbuggebv@ibm.com,Male,PO Box 88268
429,Dorena,Mackilpatrick,dmackilpatrickbw@amazon.com,Female,Apt 1910
430,Moe,Digger,mdiggerbx@ted.com,Male,Room 134
431,Alain,Torfin,atorfinby@google.es,Male,10th Floor
432,Guthry,Wabersinke,gwabersinkebz@desdev.cn,Male,17th Floor
433,Radcliffe,Furnell,rfurnellc0@imgur.com,Male,Room 1719
434,Vilhelmina,Gannicleff,vgannicleffc1@imageshack.us,Female,Room 1500
435,Tabby,Celle,tcellec2@wix.com,Female,Apt 740
436,Luelle,Renny,lrennyc3@constantcontact.com,Female,Suite 28
437,Otha,Sherme,oshermec4@google.com,Female,Suite 7
438,Kip,Chater,kchaterc5@sciencedirect.com,Bigender,Apt 1612
439,Lu,Bever,lbeverc6@cloudflare.com,Female,PO Box 19777
440,Chickie,Janout,cjanoutc7@nationalgeographic.com,Female,17th Floor
441,Edmund,Baldelli,ebaldellic8@webnode.com,Male,6th Floor
442,Major,Mucklestone,mmucklestonec9@amazon.com,Male,Suite 8
443,Kaile,Truwert,ktruwertca@youtu.be,Polygender,PO Box 75714
444,Edouard,Kubera,ekuberacb@issuu.com,Agender,PO Box 34990
445,Ray,Stother,rstothercc@artisteer.com,Female,Apt 1682
446,Jeramie,Cleve,jclevecd@cnbc.com,Male,Suite 25
447,Layney,Strahan,lstrahance@earthlink.net,Genderqueer,1st Floor
448,Ulrikaumeko,Goor,ugoorcf@mediafire.com,Bigender,PO Box 9528
449,Bunnie,Pettifor,bpettiforcg@digg.com,Female,Apt 1745
450,Cornall,Ottee,cotteech@mlb.com,Male,PO Box 95746
451,Wanids,Bowers,wbowersci@youku.com,Female,PO Box 27559
452,Marc,Mannakee,mmannakeecj@smh.com.au,Non-binary,2nd Floor
453,Dugald,Flescher,dflescherck@ebay.co.uk,Male,Room 538
454,Chandal,Gynni,cgynnicl@yandex.ru,Female,13th Floor
455,Gene,Geffinger,ggeffingercm@squidoo.com,Male,Room 989
456,Randi,Garrud,rgarrudcn@nsw.gov.au,Female,7th Floor
457,Thia,Murkitt,tmurkittco@nih.gov,Female,PO Box 73880
458,Benjie,Seabon,bseaboncp@cbc.ca,Male,Room 1806
459,Guendolen,Skill,gskillcq@ucla.edu,Female,PO Box 17326
460,Laura,Brice,lbricecr@mit.edu,Female,2nd Floor
461,Cindelyn,Anmore,canmorecs@domainmarket.com,Female,Suite 37
462,Derry,Neilly,dneillyct@delicious.com,Male,Apt 1562
463,Gare,McDuffie,gmcduffiecu@samsung.com,Male,8th Floor
464,Carver,Strowthers,cstrowtherscv@deviantart.com,Male,PO Box 64218
465,Maxwell,Ipsley,mipsleycw@ezinearticles.com,Male,Apt 1664
466,Somerset,Fumagallo,sfumagallocx@umn.edu,Male,PO Box 13318
467,Nollie,Burl,nburlcy@yahoo.co.jp,Male,Room 861
468,Alphonse,Skunes,askunescz@mozilla.org,Male,Room 1718
469,Bethanne,Stirrup,bstirrupd0@liveinternet.ru,Genderqueer,Room 1156
470,Murdoch,Levermore,mlevermored1@reddit.com,Male,3rd Floor
471,Rosalinda,Bransden,rbransdend2@theatlantic.com,Female,Apt 708
472,Hube,Glanz,hglanzd3@alibaba.com,Male,Apt 244
473,Ashleigh,Whewill,awhewilld4@state.gov,Female,7th Floor
474,Georgette,Adamo,gadamod5@home.pl,Female,Apt 565
475,Patricio,Lichfield,plichfieldd6@opensource.org,Non-binary,PO Box 46128
476,Marjie,Brunstan,mbrunstand7@wisc.edu,Female,Apt 261
477,Kally,Seckom,kseckomd8@state.gov,Female,PO Box 36433
478,Luca,Crimmins,lcrimminsd9@nsw.gov.au,Male,Room 935
479,Arlen,Po,apoda@github.io,Female,4th Floor
480,Winnifred,Zavattero,wzavatterodb@people.com.cn,Female,PO Box 47274
481,Rudolf,Aspall,raspalldc@posterous.com,Male,Suite 96
482,Abram,Grosier,agrosierdd@ustream.tv,Male,6th Floor
483,Valerie,Jarrelt,vjarreltde@hugedomains.com,Female,Apt 559
484,Meir,Piatkowski,mpiatkowskidf@multiply.com,Male,Apt 850
485,Alfie,Busch,abuschdg@sciencedirect.com,Male,Room 543
486,Nertie,Lanney,nlanneydh@miibeian.gov.cn,Female,Suite 53
487,Brittni,Casado,bcasadodi@bandcamp.com,Female,PO Box 21719
488,Hugibert,Wendover,hwendoverdj@archive.org,Male,17th Floor
489,Ingaborg,Cottie,icottiedk@amazon.co.uk,Female,PO Box 67884
490,Sal,Fish,sfishdl@wunderground.com,Male,PO Box 13226
491,Thorstein,Dumpleton,tdumpletondm@imageshack.us,Male,Apt 1706
492,Glynnis,Fussey,gfusseydn@bravesites.com,Female,Suite 82
493,Eleonore,Birds,ebirdsdo@is.gd,Non-binary,Apt 1263
494,Kacie,Sedgebeer,ksedgebeerdp@mayoclinic.com,Female,Suite 89
495,Analise,Kampshell,akampshelldq@discuz.net,Agender,Suite 24
496,Conrade,Castree,ccastreedr@scribd.com,Male,Room 1057
497,Carina,Stillgoe,cstillgoeds@apache.org,Female,Room 1147
498,Massimiliano,Quinlan,mquinlandt@imdb.com,Male,Suite 59
499,Doreen,Dumsday,ddumsdaydu@hatena.ne.jp,Female,Room 1649
500,Benton,Gilliam,bgilliamdv@forbes.com,Male,18th Floor
501,Raquela,Petticrow,rpetticrowdw@patch.com,Female,Room 248
502,Rubina,Whiley,rwhileydx@wisc.edu,Female,PO Box 55479
503,Leeland,Craker,lcrakerdy@google.it,Male,14th Floor
504,Jacob,Humbey,jhumbeydz@arizona.edu,Male,Apt 1425
505,Reginauld,Daunay,rdaunaye0@fc2.com,Male,6th Floor
506,Olva,Santen,osantene1@admin.ch,Genderfluid,Room 1639
507,Dorene,Colbourn,dcolbourne2@smh.com.au,Female,Apt 232
508,Suellen,Gingell,sgingelle3@topsy.com,Female,PO Box 19453
509,Caresa,Jirick,cjiricke4@microsoft.com,Female,Suite 47
510,Angelia,Baddoe,abaddoee5@liveinternet.ru,Female,8th Floor
511,Karlan,Flode,kflodee6@businessinsider.com,Male,Room 1026
512,Terrill,Bortoletti,tbortolettie7@chicagotribune.com,Male,Apt 314
513,Sidoney,MacAlees,smacaleese8@livejournal.com,Female,PO Box 44198
514,Borden,Skarin,bskarine9@storify.com,Male,Room 1475
515,Alasteir,Kuschel,akuschelea@bigcartel.com,Male,Room 1584
516,Mata,MacKettrick,mmackettrickeb@hao123.com,Male,Apt 1379
517,Nelia,Edwick,nedwickec@cnn.com,Female,Apt 923
518,Vinny,Duffie,vduffieed@mit.edu,Female,PO Box 70597
519,Yettie,Heino,yheinoee@berkeley.edu,Female,Room 1711
520,Cate,Loughhead,cloughheadef@nationalgeographic.com,Female,Apt 317
521,Herta,Laird-Craig,hlairdcraigeg@rediff.com,Female,1st Floor
522,Corbie,Reams,creamseh@symantec.com,Male,PO Box 66253
523,Chet,Restill,crestillei@vkontakte.ru,Male,PO Box 89067
524,Emiline,Gale,egaleej@marketwatch.com,Female,Suite 81
525,Seward,Beringer,sberingerek@imgur.com,Male,19th Floor
526,Olympe,Killford,okillfordel@engadget.com,Female,PO Box 35665
527,Nikoletta,Ebhardt,nebhardtem@paypal.com,Female,Suite 38
528,Alexei,Arendt,aarendten@ucoz.com,Male,9th Floor
529,Hartley,Carletto,hcarlettoeo@163.com,Male,Room 317
530,Theda,Drable,tdrableep@vkontakte.ru,Female,Room 1848
531,Correy,Dunphy,cdunphyeq@histats.com,Female,Suite 31
532,Trudy,Handsheart,thandshearter@google.pl,Female,Apt 1582
533,Elia,Frude,efrudees@webeden.co.uk,Male,PO Box 25456
534,Karolina,Gowans,kgowanset@lycos.com,Female,Room 466
535,Renato,Huckfield,rhuckfieldeu@woothemes.com,Male,PO Box 76896
536,Pyotr,Krammer,pkrammerev@japanpost.jp,Genderfluid,Room 326
537,Ulises,Seymer,useymerew@slashdot.org,Male,Apt 844
538,Kare,Gagg,kgaggex@skyrock.com,Female,Suite 63
539,Merola,Peppin,mpeppiney@scientificamerican.com,Female,Apt 1853
540,Faina,Deniseau,fdeniseauez@yale.edu,Female,2nd Floor
541,Lusa,Eyckelberg,leyckelbergf0@fastcompany.com,Female,Suite 6
542,Hank,Yerill,hyerillf1@nbcnews.com,Male,Room 408
543,Gustaf,Hegarty,ghegartyf2@ted.com,Male,Apt 996
544,Clarita,Rothermel,crothermelf3@foxnews.com,Female,PO Box 42294
545,Donn,Ridhole,dridholef4@youtu.be,Male,Suite 69
546,Jeth,Carefull,jcarefullf5@issuu.com,Male,9th Floor
547,Vivien,Pipping,vpippingf6@geocities.com,Female,16th Floor
548,Tiertza,Douty,tdoutyf7@biblegateway.com,Female,Room 340
549,Lari,Brickett,lbrickettf8@51.la,Female,Suite 97
550,Wyndham,Peetermann,wpeetermannf9@usatoday.com,Male,Room 1203
551,Arron,Falks,afalksfa@csmonitor.com,Male,PO Box 70866
552,Prue,Iacobini,piacobinifb@wired.com,Female,Apt 1169
553,Dniren,Hince,dhincefc@cargocollective.com,Female,Room 1061
554,Ebenezer,MacCague,emaccaguefd@ovh.net,Male,PO Box 37804
555,Auberta,Qualtrough,aqualtroughfe@apache.org,Female,PO Box 16656
556,Davey,Crossthwaite,dcrossthwaiteff@dmoz.org,Male,Room 991
557,Marie,Texton,mtextonfg@e-recht24.de,Female,PO Box 92869
558,Rockey,Swiggs,rswiggsfh@redcross.org,Male,Room 1545
559,Lorelle,Baird,lbairdfi@alibaba.com,Female,Apt 1314
560,Rebeka,Savory,rsavoryfj@drupal.org,Female,Suite 54
561,Sarina,Stephens,sstephensfk@imageshack.us,Female,Room 258
562,Gabi,Brightie,gbrightiefl@va.gov,Female,18th Floor
563,Gleda,Valek,gvalekfm@weebly.com,Female,17th Floor
564,Teddie,Gershom,tgershomfn@instagram.com,Male,Suite 77
565,Eugine,Ivons,eivonsfo@histats.com,Female,Apt 1311
566,Matilde,Raymen,mraymenfp@freewebs.com,Female,Room 904
567,Devon,Petrushka,dpetrushkafq@tumblr.com,Female,Room 635
568,Sauncho,Puddephatt,spuddephattfr@cnet.com,Male,Suite 45
569,Waite,Piegrome,wpiegromefs@wordpress.org,Male,14th Floor
570,Maryjane,Dillinton,mdillintonft@phpbb.com,Bigender,Apt 598
571,Faina,Havile,fhavilefu@smugmug.com,Female,7th Floor
572,Carolann,Callender,ccallenderfv@go.com,Female,PO Box 18531
573,Daryle,Voak,dvoakfw@godaddy.com,Male,Suite 47
574,Tyrone,Singyard,tsingyardfx@tumblr.com,Male,Room 1082
575,Seth,Pioli,spiolify@dyndns.org,Male,Room 1244
576,Gloriane,Raeside,graesidefz@forbes.com,Female,Suite 23
577,Ralina,Moxsom,rmoxsomg0@vkontakte.ru,Female,PO Box 52877
578,Vaclav,Kale,vkaleg1@washingtonpost.com,Male,PO Box 42865
579,My,Hrinchishin,mhrinchishing2@dailymotion.com,Male,PO Box 9045
580,Philippe,Brayn,pbrayng3@wordpress.org,Female,Apt 742
581,Gene,Pegler,gpeglerg4@state.tx.us,Female,Suite 71
582,Antony,Jelleman,ajellemang5@weather.com,Male,Suite 46
583,Kacey,Culleton,kculletong6@networkadvertising.org,Female,Apt 124
584,Sonia,Haldin,shalding7@bluehost.com,Female,6th Floor
585,Celina,Pendock,cpendockg8@mysql.com,Female,PO Box 86553
586,Glyn,Cordaroy,gcordaroyg9@uiuc.edu,Male,Suite 27
587,Edward,Haresnape,eharesnapega@ameblo.jp,Agender,3rd Floor
588,Cynthie,Kayley,ckayleygb@bluehost.com,Female,Room 666
589,Daniel,Henriquet,dhenriquetgc@dion.ne.jp,Male,Suite 86
590,Basile,Van Hove,bvanhovegd@sciencedaily.com,Male,PO Box 49911
591,Waverly,Guyon,wguyonge@ftc.gov,Male,Apt 947
592,Shaun,Aspy,saspygf@godaddy.com,Genderfluid,PO Box 71061
593,Tyne,Cossem,tcossemgg@w3.org,Female,Suite 89
594,Salomo,Brodbin,sbrodbingh@marketwatch.com,Male,Apt 395
595,Cesaro,Boness,cbonessgi@4shared.com,Male,Room 937
596,Flss,Graundisson,fgraundissongj@ustream.tv,Female,1st Floor
597,Flem,Berrycloth,fberryclothgk@over-blog.com,Male,Apt 1367
598,Enos,Nelius,eneliusgl@auda.org.au,Male,Room 159
599,Bree,Guarin,bguaringm@aol.com,Female,PO Box 12920
600,Alphonse,Ahren,aahrengn@arizona.edu,Male,Suite 9
601,Damaris,Vockins,dvockinsgo@seattletimes.com,Female,Apt 1910
602,Janey,Southon,jsouthongp@addtoany.com,Female,PO Box 5305
603,Dido,Monshall,dmonshallgq@webs.com,Female,9th Floor
604,Ephrayim,Louys,elouysgr@barnesandnoble.com,Male,Room 727
605,Renard,Bustard,rbustardgs@google.com,Male,9th Floor
606,Ketty,Aldgate,kaldgategt@biblegateway.com,Non-binary,13th Floor
607,Roderick,Marguerite,rmargueritegu@springer.com,Male,Suite 15
608,Del,Atherton,dathertongv@webeden.co.uk,Female,Apt 889
609,Lonnie,Brydell,lbrydellgw@techcrunch.com,Agender,Apt 1966
610,Ambrosio,Fattori,afattorigx@flavors.me,Male,PO Box 18774
611,Ramona,Quincee,rquinceegy@edublogs.org,Female,Apt 424
612,Jarib,Redman,jredmangz@miibeian.gov.cn,Male,Apt 217
613,Stesha,McIlraith,smcilraithh0@cnn.com,Female,Suite 80
614,Tiebold,Lovstrom,tlovstromh1@tiny.cc,Male,Suite 31
615,Corri,Mallatratt,cmallatratth2@qq.com,Female,14th Floor
616,Montgomery,Chetwind,mchetwindh3@google.com.br,Male,5th Floor
617,Demetris,O'Lunny,dolunnyh4@discovery.com,Male,Suite 66
618,Darcee,O'Griffin,dogriffinh5@devhub.com,Female,8th Floor
619,Magdalen,Yude,myudeh6@ezinearticles.com,Female,Room 89
620,Dan,Kumar,dkumarh7@shinystat.com,Male,Room 298
621,Dalila,Rushe,drusheh8@sbwire.com,Female,Room 1830
622,Maje,Crowcum,mcrowcumh9@shop-pro.jp,Male,Apt 1218
623,Ardith,Renvoise,arenvoiseha@photobucket.com,Female,PO Box 75424
624,Walliw,Reader,wreaderhb@sciencedirect.com,Female,17th Floor
625,Rikki,Pollie,rpolliehc@surveymonkey.com,Female,Suite 21
626,Rudolf,Heliar,rheliarhd@goo.ne.jp,Male,Suite 53
627,Julietta,Davitt,jdavitthe@state.tx.us,Female,Room 1578
628,Erick,Troke,etrokehf@odnoklassniki.ru,Male,Suite 37
629,Almeda,Pagan,apaganhg@biglobe.ne.jp,Female,PO Box 25565
630,Sisely,Burlingham,sburlinghamhh@yellowpages.com,Female,18th Floor
631,Frasier,McLae,fmclaehi@canalblog.com,Male,Suite 47
632,Tades,Rany,tranyhj@kickstarter.com,Male,PO Box 10707
633,Wit,Woodfin,wwoodfinhk@privacy.gov.au,Male,Suite 43
634,Osgood,Thredder,othredderhl@deviantart.com,Genderfluid,Apt 1224
635,Hamel,Neumann,hneumannhm@google.com.hk,Male,Apt 1599
636,Townie,Jarlmann,tjarlmannhn@indiatimes.com,Male,Suite 63
637,Jeannine,Quinlan,jquinlanho@arstechnica.com,Female,Suite 18
638,Issiah,Black,iblackhp@house.gov,Male,Suite 78
639,Brannon,Tremmil,btremmilhq@telegraph.co.uk,Male,PO Box 88278
640,Terrel,Matherson,tmathersonhr@drupal.org,Male,Room 1316
641,Gannie,Iddon,giddonhs@berkeley.edu,Genderqueer,PO Box 42966
642,Prinz,Tomkins,ptomkinsht@yellowbook.com,Male,Apt 300
643,Ophelia,De Winton,odewintonhu@abc.net.au,Female,Room 1011
644,Sigmund,Foard,sfoardhv@scribd.com,Male,Suite 59
645,Carroll,Davidge,cdavidgehw@google.nl,Male,Room 1376
646,Ignatius,Jacquot,ijacquothx@businesswire.com,Male,Room 620
647,Marlena,Iremonger,miremongerhy@oaic.gov.au,Female,Room 979
648,Garfield,Dimanche,gdimanchehz@usda.gov,Male,Room 1616
649,Jodee,Cutteridge,jcutteridgei0@answers.com,Female,Apt 1299
650,Chastity,Eales,cealesi1@intel.com,Female,Room 1394
651,Elden,Jovic,ejovici2@cdbaby.com,Male,14th Floor
652,Madalyn,Jacqueminet,mjacquemineti3@liveinternet.ru,Female,Apt 921
653,Randolf,Tamburo,rtamburoi4@mozilla.com,Male,Room 834
654,Kylie,Askew,kaskewi5@phoca.cz,Female,16th Floor
655,Barnabe,Acuna,bacunai6@naver.com,Male,Apt 439
656,Sabine,Kleinstein,skleinsteini7@a8.net,Female,20th Floor
657,Melony,McSporrin,mmcsporrini8@ucoz.ru,Female,Apt 1339
658,Miner,Duffitt,mduffitti9@microsoft.com,Male,4th Floor
659,Otis,Jollie,ojollieia@facebook.com,Male,Apt 1063
660,Danica,Jeratt,djerattib@free.fr,Female,Apt 656
661,Dav,Joynson,djoynsonic@hud.gov,Male,PO Box 87653
662,Omero,Brickell,obrickellid@telegraph.co.uk,Male,Suite 76
663,Riley,Sanger,rsangerie@vistaprint.com,Male,Apt 1670
664,Adrian,Van der Mark,avandermarkif@nature.com,Polygender,20th Floor
665,Darb,Beslier,dbeslierig@addtoany.com,Male,PO Box 79765
666,Nerty,Lobe,nlobeih@cmu.edu,Female,Suite 69
667,Galven,Fancett,gfancettii@csmonitor.com,Male,PO Box 9459
668,Emlen,Glowacha,eglowachaij@reuters.com,Male,Room 1972
669,Myrna,Griffen,mgriffenik@unc.edu,Bigender,4th Floor
670,Tully,Anand,tanandil@oracle.com,Male,15th Floor
671,Aretha,Pyrah,apyrahim@scientificamerican.com,Female,Suite 61
672,Moyra,Greensmith,mgreensmithin@usnews.com,Female,Room 1575
673,Ransell,Godfrey,rgodfreyio@washington.edu,Male,Apt 1321
674,Alexandrina,Cambridge,acambridgeip@usda.gov,Female,PO Box 82203
675,Alvera,Abramchik,aabramchikiq@mozilla.org,Agender,Suite 4
676,Sydelle,Sparry,ssparryir@flickr.com,Female,PO Box 58604
677,Tamar,Pearce,tpearceis@guardian.co.uk,Female,Apt 1336
678,Devin,Rennolds,drennoldsit@aol.com,Female,10th Floor
679,Linnet,Banasik,lbanasikiu@techcrunch.com,Female,Room 1510
680,Starla,Gusticke,sgustickeiv@forbes.com,Female,17th Floor
681,Zaria,Gerauld,zgerauldiw@aboutads.info,Female,PO Box 1875
682,Loydie,Weitzel,lweitzelix@cocolog-nifty.com,Male,Apt 373
683,Curtis,Caves,ccavesiy@reverbnation.com,Male,Apt 1451
684,Carmelle,McPhaden,cmcphadeniz@gizmodo.com,Female,PO Box 18446
685,Karon,Duffett,kduffettj0@shareasale.com,Agender,PO Box 70786
686,Dorrie,Culvey,dculveyj1@abc.net.au,Female,Apt 110
687,Ozzy,Roads,oroadsj2@bloglines.com,Non-binary,Apt 1216
688,Merissa,Vowden,mvowdenj3@cdc.gov,Female,Suite 18
689,Orlan,Claridge,oclaridgej4@seattletimes.com,Male,Suite 51
690,Fiann,Fraczek,ffraczekj5@nifty.com,Female,Room 1642
691,Briggs,Bollen,bbollenj6@sciencedaily.com,Male,Suite 60
692,Mella,Tynnan,mtynnanj7@oracle.com,Polygender,Suite 24
693,Mina,Tillard,mtillardj8@ameblo.jp,Female,Apt 160
694,Ashton,Tern,aternj9@csmonitor.com,Male,20th Floor
695,Erminie,Woodington,ewoodingtonja@canalblog.com,Female,Suite 2
696,Hyacinthia,Fawke,hfawkejb@furl.net,Female,Apt 1429
697,Everard,Worsnip,eworsnipjc@jigsy.com,Male,14th Floor
698,Mariette,McGonagle,mmcgonaglejd@goo.ne.jp,Female,PO Box 59716
699,Monro,Antonnikov,mantonnikovje@chicagotribune.com,Male,11th Floor
700,Viola,Dybell,vdybelljf@tinyurl.com,Female,PO Box 64207
701,Roddie,Straffon,rstraffonjg@taobao.com,Male,Room 249
702,Rudiger,Beaconsall,rbeaconsalljh@dagondesign.com,Male,PO Box 2433
703,Halli,Smillie,hsmillieji@360.cn,Female,Room 663
704,Electra,Buddington,ebuddingtonjj@army.mil,Female,Apt 400
705,Ardine,Shingfield,ashingfieldjk@yellowpages.com,Female,13th Floor
706,Ebony,Parke,eparkejl@dell.com,Female,7th Floor
707,Selie,Woodroffe,swoodroffejm@vinaora.com,Non-binary,Apt 1217
708,Mahala,Brittan,mbrittanjn@jalbum.net,Female,Apt 196
709,Caressa,Brosio,cbrosiojo@ycombinator.com,Female,PO Box 31236
710,Katine,Vacher,kvacherjp@dailymotion.com,Female,Apt 544
711,Morse,Blachford,mblachfordjq@sbwire.com,Bigender,7th Floor
712,Dulcie,Gouldthorp,dgouldthorpjr@springer.com,Female,Apt 358
713,Jeramey,Pablo,jpablojs@addthis.com,Male,PO Box 18315
714,Milka,Stopper,mstopperjt@pagesperso-orange.fr,Female,Apt 1279
715,Guillemette,Keson,gkesonju@apache.org,Female,Suite 69
716,Titus,Spillard,tspillardjv@histats.com,Bigender,Suite 64
717,Byrann,Warrington,bwarringtonjw@wunderground.com,Male,Apt 1884
718,Hortensia,Sharman,hsharmanjx@nasa.gov,Female,Suite 18
719,Petronella,Colvill,pcolvilljy@t.co,Female,PO Box 67286
720,Nonie,Chestnutt,nchestnuttjz@seattletimes.com,Female,Apt 907
721,Farra,Coneybeare,fconeybearek0@alexa.com,Female,Suite 33
722,Lowe,Brummell,lbrummellk1@marketwatch.com,Male,Apt 1055
723,Iggy,Girk,igirkk2@jalbum.net,Male,18th Floor
724,Nappy,Tourville,ntourvillek3@wufoo.com,Bigender,Apt 1402
725,Audrye,Hampton,ahamptonk4@phoca.cz,Female,Suite 31
726,Alexis,Sheircliffe,asheircliffek5@narod.ru,Female,Room 1117
727,Ernesta,Hayles,ehaylesk6@ameblo.jp,Female,PO Box 40681
728,Odo,Willars,owillarsk7@privacy.gov.au,Male,Apt 1994
729,Jarred,Speller,jspellerk8@indiegogo.com,Male,Suite 21
730,Dione,Churchley,dchurchleyk9@hc360.com,Female,Room 1400
731,Kit,Eltringham,keltringhamka@examiner.com,Male,Apt 476
732,Rose,Leyband,rleybandkb@wordpress.com,Female,2nd Floor
733,Ester,Willock,ewillockkc@scientificamerican.com,Female,Apt 1561
734,Donavon,Gorelli,dgorellikd@typepad.com,Male,Apt 335
735,Edith,Best,ebestke@ifeng.com,Female,16th Floor
736,Devland,Yanukhin,dyanukhinkf@cdbaby.com,Male,Apt 1051
737,Carline,Tondeur,ctondeurkg@is.gd,Female,Apt 185
738,Audre,Cornau,acornaukh@xrea.com,Agender,Room 910
739,Eduardo,Wyne,ewyneki@creativecommons.org,Male,18th Floor
740,Margalo,Dovington,mdovingtonkj@craigslist.org,Female,20th Floor
741,Hobey,Vedenyapin,hvedenyapinkk@flavors.me,Male,PO Box 24690
742,Lem,Wimms,lwimmskl@sfgate.com,Male,6th Floor
743,Modestia,Giovannardi,mgiovannardikm@de.vu,Female,Suite 12
744,Erena,Griss,egrisskn@exblog.jp,Female,Suite 89
745,Cathrin,Candie,ccandieko@gov.uk,Female,Suite 61
746,Janifer,Whitmore,jwhitmorekp@fda.gov,Female,17th Floor
747,Erin,Gresley,egresleykq@nsw.gov.au,Female,Apt 841
748,Lloyd,Lorryman,llorrymankr@mlb.com,Male,Room 1905
749,Doria,Molines,dmolinesks@imgur.com,Female,Apt 1331
750,Mavis,Insoll,minsollkt@posterous.com,Bigender,Room 488
751,Robby,Huffy,rhuffyku@istockphoto.com,Female,PO Box 14773
752,Man,Bottleson,mbottlesonkv@blogtalkradio.com,Male,PO Box 69186
753,Morganne,Jindrich,mjindrichkw@4shared.com,Female,PO Box 48235
754,Riki,Isacsson,risacssonkx@sogou.com,Female,PO Box 86443
755,Brody,Rudloff,brudloffky@istockphoto.com,Male,14th Floor
756,Alasdair,Gitthouse,agitthousekz@economist.com,Male,PO Box 94377
757,Binni,Hiskey,bhiskeyl0@bluehost.com,Female,Room 345
758,Judon,Bereford,jberefordl1@gmpg.org,Male,Apt 443
759,Hyacintha,Eddowis,heddowisl2@digg.com,Female,Apt 1499
760,Tamarah,Cromwell,tcromwelll3@foxnews.com,Female,Suite 99
761,Bradney,Van Hault,bvanhaultl4@reuters.com,Male,PO Box 57711
762,Fanchette,Currier,fcurrierl5@mozilla.com,Female,Apt 913
763,Anstice,Bockh,abockhl6@alexa.com,Female,PO Box 88901
764,Feliks,Wibberley,fwibberleyl7@weebly.com,Male,Room 1710
765,Avrom,McCullagh,amccullaghl8@columbia.edu,Male,Suite 43
766,Innis,Dahlberg,idahlbergl9@liveinternet.ru,Male,Room 744
767,Liv,Van Giffen,lvangiffenla@phoca.cz,Female,PO Box 51788
768,Laurette,Fenn,lfennlb@hao123.com,Female,Suite 24
769,Angele,Faughnan,afaughnanlc@geocities.com,Female,Room 1855
770,Matthaeus,Pickhaver,mpickhaverld@cpanel.net,Male,Suite 14
771,Seth,Formoy,sformoyle@ehow.com,Male,Suite 83
772,Mahmoud,Cockling,mcocklinglf@sfgate.com,Male,PO Box 2658
773,Cordell,Passy,cpassylg@indiegogo.com,Male,PO Box 74694
774,Luigi,Pirozzi,lpirozzilh@goo.ne.jp,Male,Apt 1472
775,Lauretta,Tunnoch,ltunnochli@hubpages.com,Female,Apt 1345
776,Lauritz,McGillreich,lmcgillreichlj@nba.com,Male,Apt 340
777,Egbert,Bowerbank,ebowerbanklk@mozilla.org,Male,Room 500
778,Vernon,Greenman,vgreenmanll@list-manage.com,Bigender,Room 422
779,Shelbi,Stihl,sstihllm@jugem.jp,Female,Apt 31
780,Cristiano,Mackrell,cmackrellln@webmd.com,Male,Apt 1245
781,Rossy,McCalum,rmccalumlo@jugem.jp,Male,5th Floor
782,Ranique,Laffan,rlaffanlp@51.la,Female,Suite 40
783,Enrichetta,Hymans,ehymanslq@fema.gov,Female,2nd Floor
784,Zorah,Hussell,zhusselllr@princeton.edu,Female,Suite 83
785,Cameron,Darwood,cdarwoodls@alibaba.com,Male,PO Box 82849
786,Maritsa,Sloam,msloamlt@cocolog-nifty.com,Female,PO Box 29129
787,Rubie,Gainsford,rgainsfordlu@abc.net.au,Female,PO Box 5084
788,Chicky,Chat,cchatlv@umich.edu,Male,Apt 1620
789,Margret,Kettlestring,mkettlestringlw@accuweather.com,Female,Room 1298
790,Devi,Pallent,dpallentlx@apple.com,Female,Suite 87
791,Joscelin,Dracksford,jdracksfordly@godaddy.com,Female,PO Box 94678
792,Cody,Reyson,creysonlz@theguardian.com,Male,Suite 54
793,Tome,Wreath,twreathm0@sbwire.com,Male,9th Floor
794,Dara,Cromleholme,dcromleholmem1@hp.com,Female,PO Box 54223
795,Rayner,Lawrenz,rlawrenzm2@indiatimes.com,Male,Apt 382
796,Missy,Gaddesby,mgaddesbym3@mapy.cz,Genderqueer,Room 1346
797,Debee,Bjerkan,dbjerkanm4@army.mil,Female,Suite 48
798,Dewie,Power,dpowerm5@mapquest.com,Male,Room 665
799,Corbet,Geely,cgeelym6@businessweek.com,Male,1st Floor
800,Inna,Kimber,ikimberm7@weather.com,Female,Room 382
801,Florian,McKerley,fmckerleym8@comcast.net,Male,2nd Floor
802,Valentine,Teliga,vteligam9@hubpages.com,Female,Apt 503
803,Jeff,De Witt,jdewittma@weibo.com,Male,6th Floor
804,Kaleena,Moorcraft,kmoorcraftmb@umn.edu,Female,10th Floor
805,Amabel,Ternent,aternentmc@pen.io,Female,4th Floor
806,Lexine,Mee,lmeemd@princeton.edu,Female,Room 314
807,Kingston,Naul,knaulme@china.com.cn,Male,Apt 289
808,Kirsteni,Pinhorn,kpinhornmf@youtube.com,Female,Apt 956
809,Gardener,Nurny,gnurnymg@surveymonkey.com,Male,Room 45
810,Ximenes,Nielson,xnielsonmh@histats.com,Male,Suite 92
811,Dudley,Abriani,dabrianimi@sciencedaily.com,Male,Apt 395
812,Frazier,Satterly,fsatterlymj@omniture.com,Male,15th Floor
813,Manny,Drees,mdreesmk@angelfire.com,Male,Suite 69
814,Reube,O'Hannigan,rohanniganml@merriam-webster.com,Male,PO Box 84855
815,Sherie,Boothe,sboothemm@booking.com,Female,Room 737
816,Dimitri,Corkish,dcorkishmn@shop-pro.jp,Male,Apt 797
817,Nissy,Vacher,nvachermo@narod.ru,Female,Suite 95
818,Ulrick,Schlagman,uschlagmanmp@icq.com,Male,Room 537
819,Ulrikaumeko,Wateridge,uwateridgemq@godaddy.com,Female,Apt 1796
820,Rosette,Jevon,rjevonmr@joomla.org,Female,Apt 272
821,Vitoria,Wicklin,vwicklinms@spiegel.de,Female,Apt 1460
822,Kaela,Muskett,kmuskettmt@altervista.org,Female,Suite 82
823,Fulton,Richford,frichfordmu@irs.gov,Male,Apt 735
824,Mychal,Duckers,mduckersmv@npr.org,Male,9th Floor
825,Cathyleen,Ivanov,civanovmw@storify.com,Female,Suite 82
826,Laure,McPeake,lmcpeakemx@blinklist.com,Female,9th Floor
827,Kylie,Matejic,kmatejicmy@home.pl,Male,PO Box 92545
828,Armando,Bollini,abollinimz@over-blog.com,Male,Apt 1765
829,Archy,Charrisson,acharrissonn0@delicious.com,Male,4th Floor
830,Erma,Dekeyser,edekeysern1@yahoo.co.jp,Polygender,Apt 1477
831,Leela,Revitt,lrevittn2@cnbc.com,Polygender,PO Box 17261
832,Jessalin,Flaxman,jflaxmann3@macromedia.com,Female,Suite 56
833,Kassie,Josovitz,kjosovitzn4@xing.com,Female,PO Box 72356
834,Selia,Gamblin,sgamblinn5@blog.com,Female,6th Floor
835,Ulric,Antuk,uantukn6@ycombinator.com,Male,Suite 7
836,Tabbi,Caustic,tcausticn7@issuu.com,Female,7th Floor
837,Corella,Stockdale,cstockdalen8@theglobeandmail.com,Agender,Room 1345
838,Elinor,Laverenz,elaverenzn9@census.gov,Female,7th Floor
839,Jyoti,Plackstone,jplackstonena@paypal.com,Female,Apt 154
840,Brana,Semper,bsempernb@nasa.gov,Female,Room 103
841,Kaylee,Tibbles,ktibblesnc@nydailynews.com,Female,Suite 6
842,Cleveland,Mulvihill,cmulvihillnd@csmonitor.com,Male,Room 1371
843,Burch,Sommerled,bsommerledne@last.fm,Male,PO Box 10604
844,Malina,Iannello,miannellonf@opera.com,Female,Apt 1691
845,Dela,O'Doherty,dodohertyng@github.com,Female,9th Floor
846,Bobbee,Adrain,badrainnh@psu.edu,Female,Apt 337
847,Donall,Ackeroyd,dackeroydni@chronoengine.com,Male,Suite 8
848,Aguistin,Mycock,amycocknj@flickr.com,Male,Room 382
849,Daryn,Lancetter,dlancetternk@mit.edu,Female,Suite 21
850,Burch,Lilbourne,blilbournenl@simplemachines.org,Male,Room 193
851,Bernarr,L'Episcopi,blepiscopinm@nps.gov,Male,PO Box 55930
852,Rem,Seiffert,rseiffertnn@jigsy.com,Male,16th Floor
853,Hildagard,Donnison,hdonnisonno@oaic.gov.au,Female,Apt 1887
854,Dalt,Doring,ddoringnp@wisc.edu,Male,PO Box 30816
855,Johnnie,Reinbach,jreinbachnq@hostgator.com,Male,5th Floor
856,Bambi,Martusewicz,bmartusewicznr@spotify.com,Female,Apt 808
857,Mirella,Houltham,mhoulthamns@plala.or.jp,Female,Apt 1848
858,Aluino,Dowdney,adowdneynt@seattletimes.com,Male,Room 1604
859,Lyman,Boomes,lboomesnu@whitehouse.gov,Male,Room 309
860,Jorge,Domerc,jdomercnv@printfriendly.com,Male,8th Floor
861,Ilsa,Olivetti,iolivettinw@yale.edu,Female,PO Box 58263
862,Dorrie,Aust,daustnx@de.vu,Female,Apt 1995
863,Amaleta,Haggerty,ahaggertyny@wufoo.com,Female,18th Floor
864,Lizabeth,Canet,lcanetnz@mapy.cz,Female,Apt 1615
865,Farand,Erwin,ferwino0@shop-pro.jp,Female,PO Box 846
866,Jasmina,Littlekit,jlittlekito1@bigcartel.com,Female,7th Floor
867,Phelia,Loughran,ploughrano2@timesonline.co.uk,Female,Apt 249
868,Rustie,Goldis,rgoldiso3@digg.com,Male,Suite 85
869,Filia,Reaney,freaneyo4@lycos.com,Female,5th Floor
870,Priscilla,Eggins,pegginso5@woothemes.com,Female,4th Floor
871,Benjamen,Sibly,bsiblyo6@amazonaws.com,Male,Room 977
872,Penrod,Marcham,pmarchamo7@tripod.com,Male,Suite 85
873,Robinet,Lillie,rlillieo8@toplist.cz,Male,Room 345
874,Willyt,Leddie,wleddieo9@reference.com,Female,Apt 1386
875,Lowrance,L'Homme,llhommeoa@flickr.com,Male,Apt 338
876,Tamas,Goose,tgooseob@pbs.org,Male,Room 1330
877,Timmie,Caillou,tcaillouoc@reference.com,Polygender,Apt 1039
878,Florrie,Gibbons,fgibbonsod@ftc.gov,Female,PO Box 91731
879,Dulcinea,Sebyer,dsebyeroe@tmall.com,Female,Suite 53
880,Bennett,Samarth,bsamarthof@tumblr.com,Male,Apt 73
881,Joanie,Spyer,jspyerog@twitpic.com,Female,Room 1173
882,Tuckie,Fowler,tfowleroh@github.io,Male,Room 75
883,Marlowe,Cattini,mcattinioi@youtube.com,Male,Suite 45
884,Kylie,Prigmore,kprigmoreoj@nytimes.com,Male,8th Floor
885,Tyler,Novotna,tnovotnaok@biglobe.ne.jp,Male,Room 317
886,Carolus,Larciere,clarciereol@technorati.com,Male,4th Floor
887,Farly,Pues,fpuesom@salon.com,Bigender,14th Floor
888,Maurise,Gostridge,mgostridgeon@google.ca,Male,8th Floor
889,Stormy,Ryam,sryamoo@shareasale.com,Female,Apt 1567
890,Rollin,Swannie,rswannieop@free.fr,Male,PO Box 57469
891,Gale,Riby,gribyoq@japanpost.jp,Female,Suite 98
892,Nestor,Lerway,nlerwayor@tripod.com,Male,Suite 56
893,Ashlin,Dizlie,adizlieos@cisco.com,Male,PO Box 77517
894,Sadye,Nurse,snurseot@moonfruit.com,Female,7th Floor
895,Jamison,Thebes,jthebesou@gov.uk,Male,Suite 58
896,Winthrop,McIlhatton,wmcilhattonov@seesaa.net,Male,Apt 1697
897,Esteban,Georgius,egeorgiusow@who.int,Male,Suite 50
898,Harwell,Sutworth,hsutworthox@newyorker.com,Male,Room 1277
899,Dana,Corney,dcorneyoy@hatena.ne.jp,Female,Suite 24
900,Kendricks,Lyste,klysteoz@barnesandnoble.com,Male,4th Floor
901,Glynnis,Jorissen,gjorissenp0@taobao.com,Female,17th Floor
902,Luelle,Wyldes,lwyldesp1@nifty.com,Female,7th Floor
903,Leia,Byllam,lbyllamp2@paginegialle.it,Female,9th Floor
904,Olenolin,Seiller,oseillerp3@paginegialle.it,Male,Room 166
905,Ezmeralda,Rangall,erangallp4@chron.com,Female,Room 1954
906,Philip,Ioannou,pioannoup5@pcworld.com,Male,Room 1111
907,Etienne,Tuxsell,etuxsellp6@weebly.com,Male,Suite 14
908,Myrtie,Tinniswood,mtinniswoodp7@answers.com,Genderfluid,PO Box 29355
909,Justino,Mobley,jmobleyp8@godaddy.com,Male,Room 918
910,Sileas,Redemile,sredemilep9@go.com,Female,Room 1489
911,Nerte,Mogg,nmoggpa@reverbnation.com,Female,Room 1324
912,Aldwin,Nabarro,anabarropb@bloomberg.com,Male,Room 827
913,Lyn,North,lnorthpc@abc.net.au,Male,Room 1008
914,Ceil,Moyes,cmoyespd@wsj.com,Female,Apt 1981
915,Ambrosius,Joyner,ajoynerpe@issuu.com,Male,Room 710
916,Rafa,Barry,rbarrypf@github.io,Female,Room 1445
917,Johanna,Thorns,jthornspg@blogs.com,Female,Room 261
918,Hyacinth,Medina,hmedinaph@twitpic.com,Female,8th Floor
919,Judas,Whittles,jwhittlespi@youtube.com,Male,Apt 1267
920,Dniren,Carles,dcarlespj@symantec.com,Female,PO Box 26919
921,Vivianna,Common,vcommonpk@photobucket.com,Female,Apt 1390
922,Dorothea,Hamshar,dhamsharpl@webmd.com,Female,Suite 66
923,David,Marrison,dmarrisonpm@ucoz.com,Male,Suite 51
924,Marin,Gergus,mgerguspn@yale.edu,Female,Suite 97
925,Nikaniki,Bowling,nbowlingpo@ca.gov,Female,Suite 53
926,Korey,Segot,ksegotpp@digg.com,Male,Suite 89
927,Jarret,Stitle,jstitlepq@diigo.com,Male,Suite 13
928,Neill,Sibbs,nsibbspr@github.com,Male,17th Floor
929,Cyrille,Deners,cdenersps@webs.com,Male,Room 1951
930,Cayla,Labrom,clabrompt@deviantart.com,Female,PO Box 91794
931,Arvin,Castell,acastellpu@google.ru,Male,Room 1900
932,Giacobo,Seymour,gseymourpv@nymag.com,Male,Room 1189
933,Betsy,Brotherton,bbrothertonpw@whitehouse.gov,Genderqueer,Suite 19
934,Cal,Brierly,cbrierlypx@goodreads.com,Male,Room 1383
935,Elmore,Mattityahou,emattityahoupy@alibaba.com,Male,Room 821
936,Adolphus,Shervington,ashervingtonpz@delicious.com,Male,Suite 8
937,Tabor,Etherington,tetheringtonq0@last.fm,Genderfluid,Suite 25
938,Leeanne,Milmoe,lmilmoeq1@ox.ac.uk,Female,14th Floor
939,Johannes,Klambt,jklambtq2@free.fr,Male,Room 281
940,Vito,Eringey,veringeyq3@cpanel.net,Male,Room 86
941,Trenton,Turmel,tturmelq4@fastcompany.com,Bigender,Suite 80
942,Jamaal,Follit,jfollitq5@umich.edu,Male,Apt 1829
943,Grier,Soutter,gsoutterq6@hugedomains.com,Female,PO Box 53330
944,Tab,Haysar,thaysarq7@examiner.com,Male,Room 492
945,Lucretia,Radband,lradbandq8@huffingtonpost.com,Female,Suite 62
946,Artie,Glinde,aglindeq9@amazon.de,Male,Room 1042
947,Leonardo,Eberle,leberleqa@friendfeed.com,Male,Suite 26
948,Teddi,Turvie,tturvieqb@wikimedia.org,Female,Suite 61
949,Land,Reely,lreelyqc@va.gov,Male,3rd Floor
950,Shayla,Brithman,sbrithmanqd@desdev.cn,Female,6th Floor
951,Foss,Major,fmajorqe@amazonaws.com,Male,Suite 18
952,Tiler,Goodlake,tgoodlakeqf@msu.edu,Male,6th Floor
953,Vita,Westmorland,vwestmorlandqg@privacy.gov.au,Female,5th Floor
954,Claudian,Westlake,cwestlakeqh@accuweather.com,Male,Room 1978
955,Letizia,Adamo,ladamoqi@eventbrite.com,Female,8th Floor
956,Laird,Bernlin,lbernlinqj@ifeng.com,Male,Suite 96
957,Hallie,Jimson,hjimsonqk@ning.com,Genderfluid,6th Floor
958,Shandra,Burchall,sburchallql@dmoz.org,Female,Room 612
959,Mag,Eveling,mevelingqm@answers.com,Female,Apt 993
960,Maible,Felkin,mfelkinqn@unc.edu,Genderqueer,PO Box 55297
961,Shelly,Futcher,sfutcherqo@mtv.com,Female,Room 768
962,Tammie,Butting,tbuttingqp@dmoz.org,Bigender,Room 1789
963,Godwin,Salmoni,gsalmoniqq@blogs.com,Male,Apt 1733
964,Steffie,Rykert,srykertqr@bluehost.com,Female,Room 1898
965,Celestyn,Capner,ccapnerqs@123-reg.co.uk,Female,PO Box 66279
966,Ezra,Nealy,enealyqt@freewebs.com,Male,Room 567
967,Rebecca,Sivell,rsivellqu@patch.com,Female,PO Box 31594
968,Nevins,Halversen,nhalversenqv@ox.ac.uk,Male,Apt 1460
969,Raffarty,Moorhouse,rmoorhouseqw@businessinsider.com,Male,Suite 98
970,Damaris,Gullivan,dgullivanqx@gmpg.org,Female,Apt 773
971,Kin,Burlingame,kburlingameqy@blogs.com,Male,PO Box 63269
972,Danella,Glandfield,dglandfieldqz@weibo.com,Female,PO Box 81103
973,Gilbert,Vlasenko,gvlasenkor0@godaddy.com,Male,Room 584
974,Lenard,Reditt,lredittr1@weather.com,Male,Suite 57
975,Dynah,Aspden,daspdenr2@tiny.cc,Polygender,Apt 537
976,Averyl,Bingham,abinghamr3@quantcast.com,Female,19th Floor
977,Shae,Soigoux,ssoigouxr4@hp.com,Male,4th Floor
978,Frayda,Hawthorn,fhawthornr5@ihg.com,Female,PO Box 29669
979,Lucas,Ricold,lricoldr6@baidu.com,Male,PO Box 21912
980,Carolus,Elkington,celkingtonr7@joomla.org,Male,Suite 72
981,Carrie,Boldock,cboldockr8@pcworld.com,Female,Suite 19
982,Isabella,Bowfin,ibowfinr9@biblegateway.com,Female,3rd Floor
983,Salomone,Jeayes,sjeayesra@is.gd,Male,Room 1140
984,Desdemona,Churchward,dchurchwardrb@jimdo.com,Female,Apt 1617
985,Tressa,Ainslee,tainsleerc@skype.com,Female,13th Floor
986,Ben,Tuffs,btuffsrd@friendfeed.com,Male,Apt 1085
987,Auberta,Berzen,aberzenre@histats.com,Female,Room 1201
988,Kincaid,Keppe,kkepperf@elpais.com,Male,Apt 1466
989,Joete,Tunny,jtunnyrg@github.io,Female,12th Floor
990,Jarvis,Corck,jcorckrh@blog.com,Male,PO Box 14949
991,Janna,Speight,jspeightri@admin.ch,Female,18th Floor
992,Clevie,Steen,csteenrj@wordpress.org,Genderfluid,Suite 50
993,Waneta,Pitson,wpitsonrk@photobucket.com,Female,Room 1985
994,Malena,Ruby,mrubyrl@amazon.co.jp,Genderqueer,Apt 1595
995,Joellen,McGahey,jmcgaheyrm@army.mil,Female,2nd Floor
996,Ronald,Friskey,rfriskeyrn@hibu.com,Genderqueer,Apt 379
997,Oralee,Haimes,ohaimesro@answers.com,Female,Suite 45
998,Jo,Glisane,jglisanerp@php.net,Male,PO Box 84527
999,Kaye,Swaite,kswaiterq@jugem.jp,Female,PO Box 87117
1000,Torr,Hubbins,thubbinsrr@creativecommons.org,Male,Apt 347
